{
  "subtraction_analysis": {
    "baseline_accuracy": 1.0,
    "ablation": {
      "baseline_accuracy": 1.0,
      "mean_accuracy_drop": 0.19205727577209472,
      "max_accuracy_drop": 0.3973599076271057
    },
    "inverse_ablation": {
      "baseline_accuracy": 1.0,
      "accuracy_with_key_frequencies": 0.46034231781959534,
      "sparsity_ratio": 0.08849557522123894,
      "accuracy_preserved_percent": 46.034231781959534
    },
    "pca_analysis": {
      "circularity": {
        "mean_distance_from_center": 0.7231694459915161,
        "std_distance_from_center": 0.05893845856189728,
        "cv_distance": 0.08150020241737366,
        "mean_angle_spacing": 0.05511566058929462,
        "std_angle_spacing": 0.04213208884644847,
        "cv_angle": 0.764430443107707,
        "is_circular": "False"
      },
      "phase_structure": {
        "phases": [
          -1.1632694005966187,
          2.6893961429595947,
          0.19406583905220032,
          -2.5771901607513428,
          1.3844515085220337,
          -1.0932705402374268,
          2.8372485637664795,
          0.08912250399589539,
          -2.427779197692871,
          1.4387032985687256,
          -0.9976722002029419,
          2.857994556427002,
          0.09690780192613602,
          -2.3297243118286133,
          1.4859182834625244,
          -0.8464594483375549,
          2.7775018215179443,
          0.18765738606452942,
          -2.2160654067993164,
          1.5500218868255615,
          -0.8720038533210754,
          2.808480739593506,
          0.36920228600502014,
          -2.2634172439575195,
          1.6459908485412598,
          -0.8566348552703857,
          2.940441370010376,
          0.3860601484775543,
          -2.220154047012329,
          1.7043166160583496,
          -0.8384492993354797,
          3.098332405090332,
          0.33729562163352966,
          -2.149355173110962,
          1.7307074069976807,
          -0.640978217124939,
          3.065627336502075,
          0.32240617275238037,
          -2.0004708766937256,
          1.8096121549606323,
          -0.5842953324317932,
          3.0253517627716064,
          0.46633651852607727,
          -1.9692089557647705,
          1.9071593284606934,
          -0.5498296618461609,
          3.0159265995025635,
          0.6018775701522827,
          -1.9298579692840576,
          2.0233747959136963,
          -0.6439157128334045,
          -3.066118001937866,
          0.6303018927574158,
          -1.906559705734253,
          1.9969326257705688,
          -0.5096911191940308,
          -2.991239547729492,
          0.5836864113807678,
          -1.7861202955245972,
          2.0376014709472656,
          -0.412798136472702,
          -2.96213698387146,
          0.594778835773468,
          -1.7305742502212524,
          2.1041665077209473,
          -0.25162968039512634,
          -3.0789153575897217,
          0.7572518587112427,
          -1.6766351461410522,
          2.27681040763855,
          -0.3641164302825928,
          -2.9750194549560547,
          0.8580647706985474,
          -1.6333688497543335,
          2.311002016067505,
          -0.3502524495124817,
          -2.8705317974090576,
          0.8991875052452087,
          -1.542386770248413,
          2.307630777359009,
          -0.3208748996257782,
          -2.708681583404541,
          0.8592268228530884,
          -1.4789009094238281,
          2.290531873703003,
          -0.08887242525815964,
          -2.791968822479248,
          0.930740475654602,
          -1.4289696216583252,
          2.425781488418579,
          -0.08344856649637222,
          -2.7831413745880127,
          1.0432372093200684,
          -1.4011046886444092,
          2.5607128143310547,
          -0.08623304218053818,
          -2.77494215965271,
          1.1557506322860718,
          -1.301592230796814,
          2.618272304534912,
          -0.17615078389644623,
          -2.5558369159698486,
          1.1654634475708008,
          -1.209063172340393,
          2.544840097427368,
          -0.023154644295573235,
          -2.5242888927459717,
          1.2015496492385864,
          -1.146299123764038,
          2.5613861083984375,
          0.09622954577207565,
          -2.491344690322876,
          1.2613893747329712
        ],
        "tokens": [
          0,
          1,
          2,
          3,
          4,
          5,
          6,
          7,
          8,
          9,
          10,
          11,
          12,
          13,
          14,
          15,
          16,
          17,
          18,
          19,
          20,
          21,
          22,
          23,
          24,
          25,
          26,
          27,
          28,
          29,
          30,
          31,
          32,
          33,
          34,
          35,
          36,
          37,
          38,
          39,
          40,
          41,
          42,
          43,
          44,
          45,
          46,
          47,
          48,
          49,
          50,
          51,
          52,
          53,
          54,
          55,
          56,
          57,
          58,
          59,
          60,
          61,
          62,
          63,
          64,
          65,
          66,
          67,
          68,
          69,
          70,
          71,
          72,
          73,
          74,
          75,
          76,
          77,
          78,
          79,
          80,
          81,
          82,
          83,
          84,
          85,
          86,
          87,
          88,
          89,
          90,
          91,
          92,
          93,
          94,
          95,
          96,
          97,
          98,
          99,
          100,
          101,
          102,
          103,
          104,
          105,
          106,
          107,
          108,
          109,
          110,
          111,
          112
        ],
        "phase_token_correlation": -0.09484367501324532,
        "mean_phase_increment": -0.509476363658905,
        "std_phase_increment": 2.453725576400757,
        "expected_phase_increment": 0.05560340979804944
      },
      "addition_geometry_error": 1.0587669821255374
    }
  },
  "comparison_with_addition": {
    "addition_baseline": 1.0,
    "subtraction_baseline": 1.0,
    "addition_mean_drop": 0.1087,
    "subtraction_mean_drop": 0.19205727577209472,
    "addition_cv_distance": 0.0811,
    "subtraction_cv_distance": 0.08150020241737366,
    "addition_inverse_accuracy": 0.4992,
    "subtraction_inverse_accuracy": 0.46034231781959534
  },
  "key_insight": "Sparse Fourier circuits generalize across modular operations (addition, subtraction, etc.)"
}