{
  "epochs": [
    12500,
    25000,
    37500,
    50000
  ],
  "restricted_loss": [
    22.414487838745117,
    14.481660842895508,
    4.6215296833906905e-07,
    4.257871069057728e-07
  ],
  "excluded_loss": [
    22.414487838745117,
    14.481660842895508,
    4.6215296833906905e-07,
    4.257871069057728e-07
  ]
}