{
  "phases": {
    "memorization": [
      0,
      12500
    ],
    "circuit_formation": [
      12500,
      30000
    ],
    "cleanup": [
      30000,
      50000
    ],
    "grok_point": 25000
  },
  "phase_statistics": {
    "memorization": {
      "avg_test_loss": 23.6769753211085,
      "avg_test_acc": 0.028845206745897106,
      "avg_train_loss": 0.18215404764725532,
      "final_test_acc": 0.04044234628478686,
      "num_epochs": 12500
    },
    "circuit_formation": {
      "avg_test_loss": 16.79630286352975,
      "avg_test_acc": 0.11423502368487064,
      "avg_train_loss": 6.708397363906572e-07,
      "final_test_acc": 0.4729049503803253,
      "num_epochs": 17500
    },
    "cleanup": {
      "avg_test_loss": 0.23824657550963962,
      "avg_test_acc": 0.9627238699446121,
      "avg_train_loss": 2.6072071424536603e-07,
      "final_test_acc": 1.0,
      "num_epochs": 20000
    }
  },
  "key_insights": {
    "grok_epoch": 25000,
    "final_test_accuracy": 1.0,
    "num_key_frequencies": 10,
    "memorization_phase_duration": 12500,
    "circuit_formation_duration": 17500
  },
  "hidden_progress": {
    "epochs": [
      12500,
      25000,
      37500,
      50000
    ],
    "restricted_loss": [
      22.414487838745117,
      14.481660842895508,
      4.6215296833906905e-07,
      4.257871069057728e-07
    ],
    "excluded_loss": [
      22.414487838745117,
      14.481660842895508,
      4.6215296833906905e-07,
      4.257871069057728e-07
    ]
  }
}